Name,PriceM,PriceL,Desc,Address,Tel,Estd,PImage,Datev,Lat,Lon,Catg,Rating,Puntos
Exploración en motocicleta terrestre,159.77,199.29,Odit perferendis doloribus nobis numquam quibusdam voluptas.,"Calle México 752 737
Vieja Austria, TAMPS 24147",+65(8)4593814461,Isla Holbox,https://placekitten.com/564/625,2024-03-02,-76.2196285,18.043821,acuático,2.4,7
Escalada en roca terrestre,177.32,262.9,Temporibus praesentium vero repudiandae eligendi consectetur natus perferendis.,"Andador Tlaxcala 709 Interior 628
Vieja Somalia, MEX 94683",1-910-730-6603x754,Los Cabos,https://dummyimage.com/1004x286,2024-01-15,-8.464441,167.043613,aéreo,3.1,10
Escalada en roca terrestre,181.33,270.36,Sapiente nostrum iure fugiat recusandae voluptate.,"Periférico Norte Archuleta 260 Edif. 673 , Depto. 286
Nueva Bahrein, DGO 19617",788-931-6279x7824,Puerto Morelos,https://picsum.photos/609/440,2024-01-13,13.300093,-127.409414,acuático,2.2,2
Exploración en motocicleta terrestre,175.13,232.88,Minus esse quasi adipisci exercitationem magnam aliquam.,"Continuación Zimbabwe 971 Edif. 825 , Depto. 721
San Rufino de la Montaña, SON 25937-0741",667.864.3398x423,Acapulco,https://dummyimage.com/65x959,2024-02-21,-69.808998,17.999061,aéreo,2.9,9
Escalada en roca terrestre,98.37,123.81,Repellendus quas atque exercitationem ab.,"Calle Chihuahua 464 Interior 176
San Natividad los altos, MEX 62763",02645909938,Zihuatanejo,https://placekitten.com/994/497,2024-02-12,84.754777,-127.852260,terrestre,3.3,7
Barranquismo terrestre,79.15,115.78,Itaque accusantium iste similique repellat.,"Andador Ceja 730 Interior 873
Nueva Malawi, NL 43286-6463",989-910-6259x9417,Puerto Escondido,https://dummyimage.com/413x141,2024-02-09,67.301475,-138.339481,aéreo,2.9,6
Escalada en roca terrestre,121.37,166.12,Fuga voluptatum tempora sapiente reprehenderit quam quae dicta.,"Calzada Chad 263 470
San Alfonso los altos, GTO 19462",1-585-475-7763x3840,Puerto Vallarta,https://picsum.photos/248/706,2024-01-14,-65.0834315,-6.365230,acuático,3.9,10
Surf de remo en ríos acuático,183.5,267.06,Eum officia cupiditate ratione magnam.,"Diagonal Viera 061 Edif. 193 , Depto. 238
Nueva Dinamarca, TAB 03440-6125",+02(6)1925778869,Puerto Escondido,https://dummyimage.com/478x447,2024-02-17,23.394616,48.283047,terrestre,4.9,2
Paracaidismo aéreo,55.77,74.55,Officia eligendi nisi dicta exercitationem.,"Boulevard Durango 768 Edif. 077 , Depto. 458
Nueva Lesotho, MEX 27729-9596",1-592-079-1124,Los Cabos,https://dummyimage.com/111x589,2024-02-07,-50.3747495,27.699943,terrestre,4.4,4
Descenso en rápidos acuático,122.3,139.44,Eos id perspiciatis.,"Pasaje Sur Cazares 700 Edif. 622 , Depto. 134
San Concepción de la Montaña, NAY 66279",(218)200-1032x60088,Puerto Morelos,https://placekitten.com/668/875,2024-01-05,-41.9597115,-108.121082,terrestre,4.3,10
Rapel en cascadas terrestre,197.2,253.12,Aut reprehenderit corrupti.,"Pasaje Campeche 002 Edif. 450 , Depto. 082
San Silvia los altos, TLAX 10124-3416",+32(9)0747796842,Acapulco,https://placekitten.com/567/468,2024-01-18,-4.1831895,163.999236,terrestre,4.5,8
Ala delta en acantilados aéreo,150.28,186.16,Inventore unde repellendus distinctio ipsum.,"Andador Sur Madrigal 726 066
San Antonia los bajos, OAX 18240-9933",1-125-512-7885x1576,Tulum,https://picsum.photos/325/113,2024-02-11,82.7337415,-97.161361,acuático,3.4,3
Descenso en rápidos acuático,147.05,183.39,Nulla maxime id placeat.,"Privada Sur Gálvez 218 195
Nueva Vietman, QRO 65396",464.202.4890,Manzanillo,https://picsum.photos/424/81,2024-02-26,83.8773505,-144.702182,acuático,4.4,9
Surf de remo en ríos acuático,188.3,256.88,Recusandae totam dolor maxime aut.,"Callejón Norte Vásquez 896 Interior 147
San Pedro los bajos, TLAX 98687-8355",+71(8)2851539064,Cozumel,https://picsum.photos/484/244,2024-02-07,-84.525369,-170.918761,aéreo,1.4,9
Tirolesa sobre cañones terrestre,120.98,143.92,Consequatur tempore hic fugiat corrupti aliquam labore.,"Diagonal Ecuador 192 Interior 540
San Cristobal de la Montaña, TAMPS 23357-7387",04946191691,Tulum,https://picsum.photos/390/305,2024-02-02,28.2410035,-159.578984,terrestre,3.1,5
Paracaidismo aéreo,193.64,250.84,Commodi dolorum quia tempore tenetur.,"Prolongación Sur de Anda 099 801
Nueva República Democrática Popular Lao, COL 50523-0449",(714)513-9682x540,Isla Holbox,https://picsum.photos/259/679,2024-03-01,-39.5921265,-45.835426,terrestre,1.9,1
Escalada en roca terrestre,140.43,183.43,Saepe est totam.,"Circuito Sur Rodríguez 990 Interior 404
Nueva China, MEX 65644",370.770.0748x5090,Puerto Vallarta,https://picsum.photos/411/310,2024-01-24,10.791961,-92.759909,terrestre,1.1,9
Espeleología en grutas terrestre,70.15,90.5,Omnis non eligendi reprehenderit inventore nostrum ex.,"Eje vial Páez 199 828
San Federico de la Montaña, GTO 38586",01716716745,Tulum,https://placekitten.com/266/708,2024-02-09,71.7716885,0.471760,acuático,4.6,3
Vuelo en globo aerostático aéreo,112.08,164.01,Doloribus doloribus culpa dicta nulla fugit provident.,"Peatonal Camerún 028 Interior 393
San Emilia los altos, GRO 91880-0825",(170)691-2366,Isla Holbox,https://picsum.photos/261/269,2024-02-26,80.181803,-173.946821,terrestre,4.2,7
Barranquismo terrestre,199.38,273.42,Tempore ea molestias optio voluptatibus incidunt quis.,"Circunvalación Mascareñas 071 058
Nueva Emiratos Árabes Unidos, COAH 49929",(686)455-9488,Puerto Morelos,https://placekitten.com/428/517,2024-01-15,25.0870675,-17.130524,aéreo,3.0,7
Windsurf en mar abierto acuático,84.22,112.32,Culpa modi asperiores corrupti et.,"Calle Bahamas 861 Edif. 567 , Depto. 865
San María Eugenia de la Montaña, COL 64020-0707",468.073.5570x2054,Isla Holbox,https://placekitten.com/450/327,2024-01-11,-84.562554,-66.318026,terrestre,5.0,3
Rapel en cascadas terrestre,60.56,74.58,Ipsam voluptatibus neque incidunt possimus mollitia aperiam.,"Ampliación Carranza 088 Edif. 996 , Depto. 764
San Omar de la Montaña, MOR 63797-4150",(697)354-4152,Sayulita,https://picsum.photos/599/984,2024-01-17,-59.402157,30.862599,acuático,2.4,2
Tirolesa sobre cañones terrestre,191.3,278.02,Doloremque sapiente nihil perferendis.,"Retorno Norte Navarrete 036 374
Nueva Liechtenstein, TLAX 14020-2532",+30(0)7186777559,Isla Holbox,https://dummyimage.com/62x417,2024-03-03,13.405654,-168.171055,acuático,3.8,9
Recorrido en ATV terrestre,75.15,100.89,Quod velit quis alias debitis soluta quaerat.,"Retorno Portugal 127 Edif. 680 , Depto. 019
San Estela de la Montaña, AGS 63786-3915",233.337.7831,Cancún,https://dummyimage.com/670x952,2024-01-03,9.881810,91.957189,aéreo,2.7,8
Parapente en montañas aéreo,193.06,275.32,Impedit fuga quia doloremque adipisci quas tempore et.,"Calzada Yucatán 387 Edif. 216 , Depto. 415
Vieja Mongolia, TLAX 35542",1-854-215-3412,Acapulco,https://placekitten.com/593/844,2024-01-19,-60.459095,107.502957,aéreo,1.1,3
Barranquismo terrestre,131.64,183.38,Magnam libero accusantium et unde.,"Corredor Colunga 234 023
Nueva Brunei Darussalam, MOR 97961-3089",560-235-4990x189,Riviera Maya,https://picsum.photos/788/536,2024-01-02,-58.448075,62.722891,aéreo,4.1,2
Vuelo en globo aerostático aéreo,196.87,278.46,Architecto esse minima laboriosam qui illum nam.,"Callejón Sur Colunga 247 Interior 991
Vieja Islas Marshall, YUC 07719-1515",1-565-106-9190,Acapulco,https://picsum.photos/548/962,2024-02-28,1.182976,175.657506,acuático,3.8,5
Rapel en cascadas terrestre,169.26,214.79,Ab autem sint corrupti earum explicabo occaecati.,"Pasaje Querétaro 646 Edif. 790 , Depto. 394
Nueva Sudán del Sur, GRO 34304-3648",598.580.5533x3587,Mazatlán,https://dummyimage.com/920x970,2024-02-09,-66.1070155,-104.343358,acuático,3.9,2
Surf de remo en ríos acuático,177.83,208.81,Adipisci alias vitae expedita.,"Callejón Norte Cedillo 682 Interior 347
Nueva San Marino, PUE 49416",023-100-5086x1760,Mérida,https://picsum.photos/648/102,2024-01-22,-28.569913,122.721687,acuático,3.3,8
Barranquismo terrestre,52.49,71.22,Commodi nulla reiciendis dignissimos voluptatum.,"Calle Norte Perea 865 Interior 303
Nueva Malasia, GTO 83854",812.657.4909,Isla Holbox,https://placekitten.com/262/967,2024-01-23,-51.6950295,-39.710625,terrestre,1.2,3
Recorrido en ATV terrestre,118.25,172.52,Ab harum fuga pariatur quia sit hic.,"Boulevard Norte Ozuna 506 Interior 618
Vieja Nigeria, CAMP 48208",111.723.1578x43536,Tulum,https://dummyimage.com/332x913,2024-01-13,89.9272695,54.777589,acuático,1.3,4
Salto en bungee aéreo,177.56,212.9,Qui dolorem quo doloremque dolores.,"Periférico Rubio 778 Interior 176
San Arcelia los altos, GRO 03513",657.371.3500,Riviera Maya,https://dummyimage.com/814x56,2024-01-27,19.0632505,-9.699083,aéreo,1.6,5
Paracaidismo aéreo,189.94,241.73,Soluta natus magni nam.,"Cerrada Nayarit 558 Edif. 668 , Depto. 625
San Ramiro de la Montaña, TAB 19194-7307",348-659-5740x57833,Mérida,https://placekitten.com/134/185,2024-02-21,34.1340885,10.422921,aéreo,2.9,2
Salto en bungee aéreo,131.51,172.8,Modi nostrum provident beatae.,"Cerrada Norte Aranda 240 Interior 955
Vieja Yemen, DF 58762",703-211-2112x7471,Manzanillo,https://picsum.photos/322/145,2024-02-02,83.0685445,-130.943583,terrestre,2.4,6
Espeleología en grutas terrestre,97.33,129.86,Alias repudiandae sunt dicta laudantium.,"Cerrada Japón 622 Interior 925
San Rufino de la Montaña, JAL 39235-4020",(854)446-2176x696,Sayulita,https://placekitten.com/788/37,2024-02-18,31.5105935,-76.849599,aéreo,2.7,2
Descenso en rápidos acuático,50.39,66.63,Aliquam sit a at.,"Pasaje Durango 396 234
Vieja Palau, CHIH 76107",469-280-9740,Isla Holbox,https://picsum.photos/168/199,2024-01-04,23.8070935,-117.694505,acuático,2.2,3
Descenso en rápidos acuático,192.84,280.23,Quisquam a ea voluptatum dolor odio.,"Andador Guatemala 307 Interior 666
Vieja Burkina Faso, YUC 93629-5107",1-175-321-6743,Puerto Escondido,https://picsum.photos/196/974,2024-01-30,-79.4317515,87.286600,terrestre,1.5,3
Espeleología en grutas terrestre,157.15,229.77,Ex itaque pariatur amet est expedita beatae amet.,"Continuación Zambrano 883 Edif. 276 , Depto. 532
San Rufino los bajos, NAY 15709",1-527-808-1473,Acapulco,https://placekitten.com/3/362,2024-01-08,-36.346432,52.674538,terrestre,1.2,1
Paracaidismo aéreo,107.34,135.22,Quisquam optio est laudantium quia recusandae ex similique.,"Privada Norte Zamudio 894 019
San Irma los altos, COL 58335-6969",(519)209-0557x3897,Los Cabos,https://dummyimage.com/910x38,2024-02-03,-46.842404,-104.963631,terrestre,3.4,7
Escalada en roca terrestre,115.54,170.85,Saepe tenetur ipsa repellendus velit quam.,"Retorno Sur Valdés 172 Edif. 062 , Depto. 410
San Anabel de la Montaña, CHIS 08160",(490)834-9204x4334,Puerto Escondido,https://placekitten.com/51/908,2024-01-03,38.998063,138.745058,acuático,1.8,1
Recorrido en ATV terrestre,155.72,205.75,Ratione illum iure tempore porro sunt.,"Callejón Sisneros 490 Edif. 320 , Depto. 568
Nueva Madagascar, BCS 88159-6399",1-651-663-8402,Mazatlán,https://picsum.photos/404/897,2024-01-04,15.6341935,166.921425,terrestre,3.4,10
Exploración en motocicleta terrestre,78.17,109.2,Quaerat voluptates corrupti rerum tempore dolores.,"Pasaje Baja California 337 Edif. 854 , Depto. 394
San Amanda los altos, BCS 59299",(103)150-7868x7335,Acapulco,https://picsum.photos/678/643,2024-01-24,-51.151832,1.081982,terrestre,3.6,8
Buceo en cavernas acuático,119.42,140.32,Distinctio fugiat aperiam commodi fugit fuga.,"Prolongación Tlaxcala 885 Edif. 402 , Depto. 303
Vieja Uganda, YUC 74303",231.588.6910x5497,Los Cabos,https://picsum.photos/588/952,2024-02-11,-52.778148,-107.488014,acuático,2.8,4
Descenso en rápidos acuático,169.71,245.58,Mollitia voluptatem illum nulla cum laboriosam harum.,"Avenida Sur Gaytán 447 Interior 907
San Margarita los bajos, TLAX 54587",(579)689-3160x206,Acapulco,https://dummyimage.com/597x393,2024-01-04,-70.500032,-37.068391,acuático,1.6,4
Rapel en cascadas terrestre,65.75,91.55,Necessitatibus consequuntur quidem.,"Eje vial Mesa 109 Edif. 837 , Depto. 454
Vieja Islas Marshall, NAY 68797",(845)816-4765x451,Playa del Carmen,https://dummyimage.com/398x107,2024-02-25,-57.144627,-70.532778,acuático,4.1,8
Exploración en motocicleta terrestre,140.14,182.25,Amet in rerum blanditiis.,"Ampliación Norte Rosado 599 Edif. 933 , Depto. 574
Vieja Afganistán, DF 53449-4690",(669)991-9397,Isla Holbox,https://dummyimage.com/592x1007,2024-02-24,-14.9723755,28.523543,aéreo,3.6,5
Tirolesa sobre cañones terrestre,62.16,83.86,Eligendi eligendi laborum reiciendis adipisci modi.,"Pasaje Haití 203 Edif. 566 , Depto. 334
San Hilda los altos, GTO 31116-2174",365-382-5728,Playa del Carmen,https://placekitten.com/88/986,2024-02-01,-59.5672425,-166.228730,aéreo,2.0,5
Descenso en rápidos acuático,139.37,174.1,Quas nam laudantium natus odio.,"Calle México 669 Edif. 885 , Depto. 887
Nueva Túnez, CAMP 45013-1390",713-461-1295,Puerto Vallarta,https://placekitten.com/203/787,2024-02-29,-74.533664,-92.326942,acuático,3.2,6
Surf de remo en ríos acuático,168.35,198.77,Ducimus necessitatibus quam aliquid commodi.,"Prolongación Distrito Federal 962 Interior 163
Vieja Azerbaiyán, SIN 05468",813.342.4088x48370,Riviera Maya,https://dummyimage.com/369x46,2024-02-15,-83.531205,177.469996,aéreo,3.6,7
Surf de remo en ríos acuático,72.34,92.53,Modi repellat sequi.,"Circunvalación Rascón 152 Edif. 670 , Depto. 290
Nueva Malasia, MICH 28760-2221",117-691-3908,Manzanillo,https://placekitten.com/824/204,2024-01-13,71.159793,-62.559629,acuático,4.9,9
Barranquismo terrestre,77.81,96.56,Dolor dolorum provident placeat sunt neque dicta.,"Peatonal Tamaulipas 780 Interior 140
Nueva Jordania, Q. ROO 00346",1-945-905-3358x03049,Playa del Carmen,https://picsum.photos/238/629,2024-01-15,5.2023605,136.187771,aéreo,2.5,9
Descenso en rápidos acuático,180.48,267.96,Molestiae adipisci cupiditate sapiente maiores recusandae.,"Callejón Hidalgo 127 953
Vieja Maldivas, NL 09722-2999",400.272.4650,Acapulco,https://dummyimage.com/560x443,2024-02-10,24.078313,159.213497,aéreo,3.0,6
Barranquismo terrestre,188.02,209.37,Neque odit iste optio nesciunt veritatis cumque.,"Andador Márquez 401 839
San Alfonso de la Montaña, COL 76525",+85(5)2202862563,Zihuatanejo,https://dummyimage.com/907x405,2024-02-14,-34.973860,-39.318114,terrestre,2.6,1
Parapente en montañas aéreo,138.53,172.27,Aut temporibus cupiditate cum alias.,"Ampliación Michoacán de Ocampo 640 Edif. 847 , Depto. 546
Nueva Uganda, COL 47253-9017",1-107-806-4754x2059,Isla Holbox,https://picsum.photos/312/395,2024-01-27,-50.3348945,42.185440,acuático,3.3,1
Exploración en motocicleta terrestre,94.54,112.37,Sequi dolorem iure iusto quidem enim.,"Avenida Iraq 338 Interior 776
San Jorge de la Montaña, CHIH 37177",067.003.1610x0008,Riviera Maya,https://placekitten.com/959/532,2024-02-27,24.6453075,-104.692644,acuático,4.7,1
Descenso en rápidos acuático,94.77,137.23,Minima minima tenetur quibusdam recusandae suscipit dolorem.,"Circunvalación Nayarit 151 479
San Débora de la Montaña, ZAC 93511",1-798-482-6400x87463,Manzanillo,https://picsum.photos/971/945,2024-01-15,-16.628129,69.705155,acuático,1.8,2
Espeleología en grutas terrestre,182.76,208.83,Delectus consequatur voluptatibus sit.,"Circunvalación Guerrero 014 Interior 502
Vieja Egipto, MICH 87384-3002",588-611-6452x1291,Cancún,https://dummyimage.com/843x532,2024-01-25,-74.294634,-75.757294,terrestre,2.6,4
Buceo en cavernas acuático,184.32,239.21,Impedit facere nesciunt porro.,"Avenida Veracruz de Ignacio de la Llave 340 502
San Mitzy de la Montaña, QRO 28520",761.180.5914x7606,Acapulco,https://placekitten.com/667/383,2024-01-21,12.4723595,-160.572086,acuático,1.2,2
Windsurf en mar abierto acuático,67.53,77.69,Ut quis reiciendis facilis numquam voluptatibus quas.,"Viaducto Sonora 279 Interior 233
San Inés los bajos, Q. ROO 27153",01620998399,Mérida,https://dummyimage.com/496x547,2024-01-20,-61.837218,-59.097367,acuático,4.2,1
Parapente en montañas aéreo,199.71,247.87,Quo magnam eos odit maxime natus.,"Ampliación Nigeria 751 Interior 134
Nueva Dominicana, MICH 94796",1-361-182-1474x198,Tulum,https://placekitten.com/660/911,2024-02-14,82.588171,163.245491,acuático,1.9,6
Salto en bungee aéreo,173.0,237.06,Repellendus tempore error deserunt laborum libero.,"Avenida Solano 666 Edif. 199 , Depto. 922
San Itzel los bajos, COAH 58056",+35(8)7451382362,Acapulco,https://picsum.photos/543/769,2024-01-08,27.531317,-92.043753,terrestre,3.8,8
Paracaidismo aéreo,102.98,122.69,Ad nobis reprehenderit nemo tempore totam.,"Pasaje Sur Garrido 534 557
Vieja Bahrein, CHIH 12814-1852",1-702-437-1074x55634,Riviera Maya,https://placekitten.com/782/129,2024-02-18,29.3053165,-118.983393,terrestre,1.2,3
Exploración en motocicleta terrestre,108.94,135.62,Delectus molestias autem eligendi.,"Eje vial Etiopía 052 711
Vieja Antigua y Barbuda, TAMPS 17059-5118",1-131-074-7591,Puerto Vallarta,https://picsum.photos/445/452,2024-02-15,38.9714645,80.790314,acuático,4.1,2
Parapente en montañas aéreo,137.21,171.5,Totam illo odio nobis modi voluptatum corporis.,"Andador Sur Villalobos 487 Edif. 004 , Depto. 557
San Cynthia de la Montaña, NL 69318",(420)893-8151,Acapulco,https://dummyimage.com/18x916,2024-01-24,19.983259,-157.208620,acuático,4.0,1
Paracaidismo aéreo,116.9,164.4,Facilis reprehenderit delectus in debitis.,"Andador Nigeria 369 Interior 745
San Josefina los altos, TAMPS 19623-2623",720.408.4237x02881,Playa del Carmen,https://dummyimage.com/555x437,2024-01-27,63.9656045,-101.363273,acuático,3.4,8
Exploración en motocicleta terrestre,192.86,242.46,Quibusdam quae cumque.,"Cerrada Veracruz de Ignacio de la Llave 368 Edif. 588 , Depto. 848
Nueva Timor-Leste, ZAC 75037",(748)813-0247,Puerto Morelos,https://dummyimage.com/37x635,2024-01-01,72.7062785,-1.758684,aéreo,2.2,3
Exploración en motocicleta terrestre,173.57,213.82,Architecto accusantium eligendi aut quibusdam earum.,"Viaducto Norte Puente 426 Interior 983
Vieja Irlanda, SON 19572-9934",+90(7)7301344393,Mazatlán,https://dummyimage.com/927x204,2024-02-29,-57.233566,70.360718,aéreo,1.3,9
Surf de remo en ríos acuático,171.02,223.68,Commodi explicabo minus tempora.,"Calle Israel 231 417
San Miguel los altos, NAY 56032",07826389996,Puerto Escondido,https://picsum.photos/292/404,2024-01-20,43.0507065,22.318721,terrestre,3.5,4
Buceo en cavernas acuático,80.06,117.42,Hic reiciendis quidem quidem iure.,"Callejón Eslovaquia 662 Interior 546
San Jorge los bajos, TLAX 90787-4555",339-211-3960,Zihuatanejo,https://picsum.photos/586/708,2024-02-25,6.981499,65.013543,terrestre,4.4,2
Ala delta en acantilados aéreo,141.0,170.91,Tenetur ducimus ad dolore possimus dolore velit.,"Callejón Eslovenia 097 Interior 148
Vieja Croacia, MEX 49911",+54(5)4062730407,Zihuatanejo,https://dummyimage.com/738x816,2024-02-25,40.790095,-143.341900,acuático,3.1,5
Ala delta en acantilados aéreo,89.1,111.72,Ipsum magni aspernatur animi in expedita nostrum.,"Cerrada Niger 785 Edif. 785 , Depto. 828
San Nicolás los bajos, AGS 21182",197-831-3825x5989,Sayulita,https://placekitten.com/328/558,2024-01-04,-63.4781855,-119.034659,aéreo,2.4,8
Windsurf en mar abierto acuático,67.22,78.39,Provident adipisci reiciendis corporis voluptates.,"Eje vial Tlaxcala 414 999
Nueva Australia, YUC 24731-8957",343-557-4751,Mazatlán,https://dummyimage.com/293x300,2024-03-01,74.5182195,112.114283,aéreo,1.4,10
Tirolesa sobre cañones terrestre,127.57,142.34,Amet delectus iure impedit quam.,"Prolongación Colombia 307 063
Nueva Yemen, DF 75833",527.124.0310x1981,Los Cabos,https://placekitten.com/347/105,2024-01-17,85.0879515,166.394924,aéreo,3.8,6
Tirolesa sobre cañones terrestre,156.49,210.17,Qui eligendi repellat eos culpa quasi asperiores.,"Calzada Oquendo 792 Interior 873
Vieja Congo, CAMP 90674-4425",06922735888,Cozumel,https://dummyimage.com/606x942,2024-01-13,33.068543,-16.294434,acuático,5.0,5
Escalada en roca terrestre,115.14,136.8,Quis voluptatem deleniti ullam voluptatum iusto expedita.,"Peatonal Sur Báez 089 Edif. 444 , Depto. 463
San Óscar de la Montaña, HGO 26934",1-357-628-2838x7584,Puerto Escondido,https://picsum.photos/176/464,2024-02-19,60.2842365,-89.205450,acuático,4.9,2
Parapente en montañas aéreo,190.45,214.76,Dolore doloribus assumenda.,"Continuación Sur Galván 216 Interior 177
San Perla los bajos, NL 16002",398.066.4251x7238,Los Cabos,https://placekitten.com/465/177,2024-03-01,1.5084625,-80.604205,terrestre,2.4,7
Paracaidismo aéreo,104.65,133.58,Aliquid nesciunt doloremque vel aut nostrum molestiae.,"Privada República Popular Democrática de Corea 161 176
Nueva Tuvalu, TAB 89111",232-973-5445x4519,Puerto Escondido,https://picsum.photos/227/484,2024-01-23,73.4119445,116.965589,aéreo,2.1,2
Barranquismo terrestre,113.78,135.12,Nihil quos facere fuga repudiandae iusto.,"Pasaje Irán 608 Interior 336
San Esperanza de la Montaña, NAY 69219-2587",(853)699-0520,Manzanillo,https://placekitten.com/55/194,2024-01-30,-12.1537275,-37.581986,aéreo,4.4,3
Descenso en rápidos acuático,192.49,267.34,Vitae ut ratione ullam.,"Calzada Baja California Sur 424 030
San Alejandra los altos, COL 02313-3011",(730)560-4358,Tulum,https://dummyimage.com/753x133,2024-02-28,-8.7887515,114.953921,terrestre,1.7,2
Recorrido en ATV terrestre,130.22,159.75,Autem aliquid optio commodi.,"Peatonal Jalisco 113 567
Nueva Uzbekistán, SIN 52845-3696",+56(9)6218303063,Sayulita,https://placekitten.com/9/155,2024-03-01,36.686520,-40.691033,aéreo,1.9,6
Paracaidismo aéreo,73.45,100.8,Ex minus veniam esse facere at magni delectus.,"Andador Baja California 555 Interior 536
San Ivonne los altos, COAH 92040-0530",236.047.0930x274,Cozumel,https://picsum.photos/426/455,2024-03-03,-84.5561665,147.918702,terrestre,2.6,1
Tirolesa sobre cañones terrestre,92.78,121.08,Dolorum minus atque molestias iusto ut.,"Circuito República Unida de Tanzanía 986 Interior 047
Nueva Liechtenstein, CHIH 59047",671-720-3338,Puerto Vallarta,https://dummyimage.com/235x437,2024-01-08,58.6497305,-59.813555,acuático,4.4,4
Windsurf en mar abierto acuático,103.24,145.63,Alias totam alias eos consequatur.,"Continuación Sur Mejía 310 Edif. 253 , Depto. 407
San José Carlos los altos, MICH 57160",(572)485-2773x1463,Manzanillo,https://dummyimage.com/151x235,2024-02-20,48.1872715,-117.221279,terrestre,1.7,6
Recorrido en ATV terrestre,182.47,207.65,Enim earum dicta.,"Andador Solorio 864 796
San Mario de la Montaña, BC 31625",202.478.8140x3107,Mazatlán,https://dummyimage.com/433x454,2024-01-17,-40.6103545,-120.109220,aéreo,2.0,10
Windsurf en mar abierto acuático,102.63,153.75,Quis quibusdam quas itaque.,"Prolongación Maldivas 963 Interior 032
Nueva República Democrática Popular Lao, SIN 50004-6060",968-109-4610x20192,Zihuatanejo,https://placekitten.com/227/433,2024-02-12,65.224069,166.694992,terrestre,3.8,5
Espeleología en grutas terrestre,170.27,215.47,Minus cupiditate error pariatur quasi assumenda.,"Boulevard San Luis Potosí 107 Interior 645
San Dulce de la Montaña, BC 89414-3387",837.094.9691,Puerto Vallarta,https://picsum.photos/47/691,2024-02-02,-15.969332,-68.747153,acuático,5.0,10
Recorrido en ATV terrestre,125.32,146.53,Maiores voluptas veniam dolor aspernatur sequi.,"Privada Nuevo León 929 145
San Andrés los bajos, QRO 61229",03846198614,Puerto Vallarta,https://picsum.photos/6/129,2024-01-24,-50.015724,15.977950,terrestre,3.8,8
Exploración en motocicleta terrestre,56.6,77.09,Vero neque reprehenderit nemo.,"Avenida Micronesia 368 772
San Graciela de la Montaña, GRO 27963-7546",598.041.8453x44982,Playa del Carmen,https://placekitten.com/482/440,2024-01-18,12.2461135,109.754914,terrestre,1.5,2
Tirolesa sobre cañones terrestre,52.41,67.16,Quas ab quis suscipit et laboriosam.,"Circunvalación Sur Hurtado 789 Edif. 384 , Depto. 336
Nueva Malta, AGS 57054-6841",08696627831,Mérida,https://dummyimage.com/184x951,2024-01-28,78.409630,-112.464813,acuático,3.6,1
Paracaidismo aéreo,98.88,128.09,Inventore aliquid consectetur nobis ut voluptates omnis.,"Avenida Norte Monroy 794 074
San Sofía los bajos, DF 85978-2112",1-499-632-8304x1152,Playa del Carmen,https://placekitten.com/837/570,2024-01-16,14.180649,49.975136,aéreo,3.0,10
Tirolesa sobre cañones terrestre,55.01,80.79,Temporibus illum iusto quod.,"Retorno Argentina 815 Interior 441
Vieja Turkmenistán, SON 75095-3874",1-372-755-0610x1974,Mazatlán,https://picsum.photos/327/229,2024-01-03,34.297031,20.320509,acuático,3.9,1
Vuelo en globo aerostático aéreo,152.85,168.54,Assumenda soluta sapiente eveniet facilis.,"Eje vial Baja California 514 Interior 264
San Florencia de la Montaña, TLAX 23453-8161",(350)033-9383x434,Puerto Vallarta,https://placekitten.com/1012/44,2024-01-31,-5.5840275,-106.109445,acuático,4.2,9
Windsurf en mar abierto acuático,134.38,150.15,Quibusdam culpa error repellat maiores ipsa.,"Corredor Jalisco 485 789
San Gerardo los bajos, ZAC 88049",850.553.8234x88832,Cozumel,https://dummyimage.com/258x121,2024-01-02,-14.4565695,124.559963,aéreo,3.9,3
Salto en bungee aéreo,162.39,237.39,Voluptatum alias officiis dignissimos facilis ipsam labore.,"Eje vial San Luis Potosí 148 208
San Horacio los altos, AGS 13770-2430",1-715-782-8857x6851,Cozumel,https://picsum.photos/125/287,2024-03-04,-69.0657455,1.950478,terrestre,2.4,2
Buceo en cavernas acuático,184.43,229.72,Molestias enim eveniet totam assumenda iste quos.,"Eje vial Sur Godoy 524 376
Nueva Islas Marshall, SON 75635",+28(4)7147431106,Puerto Vallarta,https://picsum.photos/366/648,2024-01-13,5.0299315,-84.371408,acuático,1.5,2
Windsurf en mar abierto acuático,150.46,192.8,Possimus porro sed rem exercitationem consequuntur.,"Continuación Norte Valdez 297 349
Nueva Zimbabwe, ZAC 10603-2792",812-122-2213x34075,Los Cabos,https://placekitten.com/614/457,2024-03-02,-16.4466145,-73.387198,acuático,1.2,1
Escalada en roca terrestre,180.81,222.04,Voluptas adipisci distinctio perspiciatis.,"Viaducto Países Bajos 590 Interior 846
Vieja Sudán, MOR 60498",+82(0)5259625021,Puerto Escondido,https://picsum.photos/759/456,2024-01-06,63.5114895,-59.015546,acuático,1.5,3
Parapente en montañas aéreo,147.94,166.2,Animi veritatis ipsam officiis dolorum vero quae.,"Periférico Quintana Roo 844 165
Vieja Turquía, GRO 46373-5325",1-050-561-3769x8080,Manzanillo,https://picsum.photos/204/836,2024-01-07,-43.3075795,64.798744,acuático,3.4,6
Rapel en cascadas terrestre,175.49,213.58,Minus quis tenetur.,"Peatonal Canadá 465 Interior 102
Vieja Ucrania, ZAC 27831",735.636.7600x029,Isla Holbox,https://picsum.photos/95/998,2024-01-04,-76.1181655,101.835641,aéreo,3.1,1
Recorrido en ATV terrestre,127.65,146.03,Corrupti et voluptates voluptatem debitis adipisci.,"Calzada Hungría 583 Interior 057
San Raquel de la Montaña, NAY 45618",+97(0)5168228429,Puerto Morelos,https://picsum.photos/553/643,2024-01-09,27.080689,66.804827,aéreo,3.5,2
